Mercury,Provenance
1.3283520000466,Gulf
0.0744605047387806,Gulf
1.6116290568625,Gulf
9.2666279879947,Gulf
0.221711713589874,Gulf
0.104353431536764,Gulf
0.638367282129827,Gulf
6.2766348427135,Gulf
0.144868001818206,Gulf
0.951746521207046,Gulf
0.0522906032774511,Atlantic
0.230021915503463,Atlantic
0.182872662811456,Atlantic
0.106228259112054,Atlantic
0.30522133861248,Atlantic
0.193418518484448,Atlantic
0.0612438862037652,Atlantic
0.0951460728840567,Atlantic
